,Nome:,Preço:,Vendedor:,Parcelas e Valor,Avaliação:
0,Bicicleta Aro 29 Gts Alumunio Rdx 21v Câmbio Shimano A Disco Cor Cinza/preto Tamanho Do Quadro 21,"R$ 899,25", VBR BICICLETAS,"em 10x R$ 89,92 sem juros",4.5
1,Bicicleta infantil infantil BKL Bikes Sport Junior aro 16 cor azul com rodas de treinamento,R$ 585, BKL2023COM,"em 10x R$ 58,50 sem juros",4.8
2,Bicicleta infantil infantil BKL Bikes Lady Girl aro 16 freios v-brakes cor rosa com rodas de treinamento,"R$ 598,50", BKL2023COM,"em 10x R$ 59,85 sem juros",4.7
3,Mountain bike GTS PRO M5 Urban aro 29 17 câmbios Shimano cor preto/azul/rosa,"R$ 927,42",GTS_PRO_M5,"em 10x R$ 92,74 sem juros",4.5
4,Bicicleta de passeio infantil Forss Anny aro 24 18v freios v-brakes câmbios Comum cor rosa com descanso lateral,"R$ 674,25", MCBIKEPARTS,"em 12x R$ 65,37",4.6
5,Bicicleta infantil infantil BKL Bikes Sport Junior aro 16 cor azul com rodas de treinamento,R$ 585, BKL2023COM,"em 10x R$ 58,50 sem juros",4.8
6,Bicicleta cross infantil Unitoys Moto Cross aro 16 freios v-brakes cor verde com rodas de treinamento,"R$ 74,36",Best Shop Ofertas,"em 12x R$ 74,36",4.6
7,Bicicleta Infantil Aro 12 Homem Aranha Nathor Spider-man,"R$ 32,38",OGM BIKE,"em 8x R$ 32,38 sem juros",4.7
8,Bicicleta Feminina Forss Anny Aro 26 C/cestinha 18 Marchas Cor Branco,"R$ 701,22", MCBIKEPARTS,"em 10x R$ 70,12 sem juros",4.6
9,"Mountain bike Woltz Steel aro 29 17"" 21v freios de disco mecânico câmbios Yamada cor preto/azul","R$ 702,05",WOLTZ BIKE,"em 10x R$ 70,20 sem juros",4.5
